number,experiment_id,vocalic_time_steps_in_coordination_scale,subject_indices,prev_time_same_subject,prev_time_diff_subject,observed_values,num_time_steps_in_coordination_scale
0,0,"[0, 1, 2, 3, 4, 5, 6, 7, 8, 9, 10, 11, 12, 13, 14, 15, 16, 17, 18, 19, 20, 21, 22, 23, 24, 25, 26, 27, 28, 29, 30, 31, 32, 33, 34, 35, 36, 37, 38, 39, 40, 41, 42, 43, 44, 45, 46, 47, 48, 49, 50, 51, 52, 53, 54, 55, 56, 57, 58, 59, 60, 61, 62, 63, 64, 65, 66, 67, 68, 69, 70, 71, 72, 73, 74, 75, 76, 77, 78, 79, 80, 81, 82, 83, 84, 85, 86, 87, 88, 89, 90, 91, 92, 93, 94, 95, 96, 97, 98, 99]","[0, 1, 2, 0, 1, 2, 0, 1, 2, 0, 1, 2, 0, 1, 2, 0, 1, 2, 0, 1, 2, 0, 1, 2, 0, 1, 2, 0, 1, 2, 0, 1, 2, 0, 1, 2, 0, 1, 2, 0, 1, 2, 0, 1, 2, 0, 1, 2, 0, 1, 2, 0, 1, 2, 0, 1, 2, 0, 1, 2, 0, 1, 2, 0, 1, 2, 0, 1, 2, 0, 1, 2, 0, 1, 2, 0, 1, 2, 0, 1, 2, 0, 1, 2, 0, 1, 2, 0, 1, 2, 0, 1, 2, 0, 1, 2, 0, 1, 2, 0]","[-1, -1, -1, 0, 1, 2, 3, 4, 5, 6, 7, 8, 9, 10, 11, 12, 13, 14, 15, 16, 17, 18, 19, 20, 21, 22, 23, 24, 25, 26, 27, 28, 29, 30, 31, 32, 33, 34, 35, 36, 37, 38, 39, 40, 41, 42, 43, 44, 45, 46, 47, 48, 49, 50, 51, 52, 53, 54, 55, 56, 57, 58, 59, 60, 61, 62, 63, 64, 65, 66, 67, 68, 69, 70, 71, 72, 73, 74, 75, 76, 77, 78, 79, 80, 81, 82, 83, 84, 85, 86, 87, 88, 89, 90, 91, 92, 93, 94, 95, 96]","[-1, 0, 1, 2, 3, 4, 5, 6, 7, 8, 9, 10, 11, 12, 13, 14, 15, 16, 17, 18, 19, 20, 21, 22, 23, 24, 25, 26, 27, 28, 29, 30, 31, 32, 33, 34, 35, 36, 37, 38, 39, 40, 41, 42, 43, 44, 45, 46, 47, 48, 49, 50, 51, 52, 53, 54, 55, 56, 57, 58, 59, 60, 61, 62, 63, 64, 65, 66, 67, 68, 69, 70, 71, 72, 73, 74, 75, 76, 77, 78, 79, 80, 81, 82, 83, 84, 85, 86, 87, 88, 89, 90, 91, 92, 93, 94, 95, 96, 97, 98]","[[0.0004727928722491185, 5.0039020797591025, 9.97999242776024, -0.018685670454404488, 10.01482993134925, 20.007988538874564, 1.9920976885079957, 14.424699984975618, 28.86953084590436, 5.34256224631352, 18.58415773723093, 36.792735776712966, 9.643210396168797, 22.783100035248705, 43.960331148567604, 14.496481045933018, 27.15434117239376, 50.561759471102434, 19.68427214452379, 31.67237168759465, 56.78432785157065, 25.097202222334836, 36.367149747953064, 62.671194448669716, 30.578270320291523, 41.22369258872533, 68.34731331675134, 36.12279910034071, 46.224471829744, 73.90378106307865, 41.68816110998858, 51.37098803991859, 79.36131168678622, 47.242914598036165, 56.55104672858701, 84.78769492632922, 52.754404979319254, 61.82879419403973, 90.1772817450826, 58.2624961797347, 67.15418382189988, 95.56305496869633, 63.75709525588553, 72.50572488523134, 100.92853163967622, 69.19449689432086, 77.82381459945955, 106.32937386414481, 74.62102276930194, 83.21139221994598, 111.68360054054354, 80.00906338567165, 88.59761183816579, 117.06949577584122, 85.44126264357757, 93.96845115429737, 122.43990987569974, 90.85179821956014, 99.33755339392269, 127.78580730916228, 96.22430248938221, 104.68814051658151, 133.11322986123102, 101.61932121032899, 110.05672289556836, 138.46687864012281, 107.00099434373693, 115.42585269431585, 143.8057619815163, 112.34607778372234, 120.79026543278117, 149.1632593974391, 117.71227572612402, 126.15521005375533, 154.52138172520355, 123.05045724241869, 131.47777856646098, 159.8761232509805, 128.4325576731795, 136.83027120243312, 165.24806101770147, 133.79071213290587, 142.23123688829202, 170.63263009856786, 139.17763342995224, 147.5691014302325, 175.96521833428224, 144.52204813008265, 152.94841029699322, 181.32594210739614, 149.91955439374965, 158.37572410231817, 186.67150612073007, 155.32767663602218, 163.76862629011416, 192.08626821356322, 160.7320352945112, 169.19379271084446, 197.4537177832023, 166.10663251029715]]",50
1,1,"[0, 1, 2, 3, 4, 5, 6, 7, 8, 9, 10, 11, 12, 13, 14, 15, 16, 17, 18, 19, 20, 21, 22, 23, 24, 25, 26, 27, 28, 29, 30, 31, 32, 33, 34, 35, 36, 37, 38, 39, 40, 41, 42, 43, 44, 45, 46, 47, 48, 49, 50, 51, 52, 53, 54, 55, 56, 57, 58, 59, 60, 61, 62, 63, 64, 65, 66, 67, 68, 69, 70, 71, 72, 73, 74, 75, 76, 77, 78, 79, 80, 81, 82, 83, 84, 85, 86, 87, 88, 89, 90, 91, 92, 93, 94, 95, 96, 97, 98, 99]","[0, 1, 2, 0, 1, 2, 0, 1, 2, 0, 1, 2, 0, 1, 2, 0, 1, 2, 0, 1, 2, 0, 1, 2, 0, 1, 2, 0, 1, 2, 0, 1, 2, 0, 1, 2, 0, 1, 2, 0, 1, 2, 0, 1, 2, 0, 1, 2, 0, 1, 2, 0, 1, 2, 0, 1, 2, 0, 1, 2, 0, 1, 2, 0, 1, 2, 0, 1, 2, 0, 1, 2, 0, 1, 2, 0, 1, 2, 0, 1, 2, 0, 1, 2, 0, 1, 2, 0, 1, 2, 0, 1, 2, 0, 1, 2, 0, 1, 2, 0]","[-1, -1, -1, 0, 1, 2, 3, 4, 5, 6, 7, 8, 9, 10, 11, 12, 13, 14, 15, 16, 17, 18, 19, 20, 21, 22, 23, 24, 25, 26, 27, 28, 29, 30, 31, 32, 33, 34, 35, 36, 37, 38, 39, 40, 41, 42, 43, 44, 45, 46, 47, 48, 49, 50, 51, 52, 53, 54, 55, 56, 57, 58, 59, 60, 61, 62, 63, 64, 65, 66, 67, 68, 69, 70, 71, 72, 73, 74, 75, 76, 77, 78, 79, 80, 81, 82, 83, 84, 85, 86, 87, 88, 89, 90, 91, 92, 93, 94, 95, 96]","[-1, 0, 1, 2, 3, 4, 5, 6, 7, 8, 9, 10, 11, 12, 13, 14, 15, 16, 17, 18, 19, 20, 21, 22, 23, 24, 25, 26, 27, 28, 29, 30, 31, 32, 33, 34, 35, 36, 37, 38, 39, 40, 41, 42, 43, 44, 45, 46, 47, 48, 49, 50, 51, 52, 53, 54, 55, 56, 57, 58, 59, 60, 61, 62, 63, 64, 65, 66, 67, 68, 69, 70, 71, 72, 73, 74, 75, 76, 77, 78, 79, 80, 81, 82, 83, 84, 85, 86, 87, 88, 89, 90, 91, 92, 93, 94, 95, 96, 97, 98]","[[0.0014680697200512606, 4.988020070485492, 10.03292282787114, -0.018920300474410748, 9.962960269035273, 20.02973635948696, 1.980408713494115, 14.350182719256685, 28.898715776128913, 5.3326912406902505, 18.51912936290836, 36.848698922533174, 9.608758390744086, 22.720276909461635, 44.02261142850455, 14.486837106451679, 27.049133712970423, 50.65294121569392, 19.728743633500198, 31.55584982030048, 56.84547899985607, 25.16829491859277, 36.24725050255728, 62.778180016030205, 30.69636564472102, 41.09678100402454, 68.46339272260973, 36.27088901840562, 46.083439295442666, 74.03097506505222, 41.8595814060461, 51.18230025967184, 79.51961378648929, 47.39083069331559, 56.384582695779635, 84.9387076453708, 52.95323186416324, 61.6501288145672, 90.33514701804759, 58.431057416650646, 66.91424292323225, 95.69462413397208, 63.928011818022, 72.23947267822648, 101.03867553207783, 69.35919688815206, 77.57821213656054, 106.38545582057279, 74.78437806564887, 82.88614926012048, 111.70727177503602, 80.19911087142303, 88.26222916951922, 117.02704885210446, 85.56022748555968, 93.63600890439761, 122.40106899192239, 90.92799763359348, 99.01944984258724, 127.74906310905249, 96.2926331162827, 104.38963629930984, 133.07618920157117, 101.67531220518684, 109.76122302519941, 138.4294860861121, 107.02399561339945, 115.10286986548648, 143.73018749721197, 112.36051247303666, 120.42933196197268, 149.08480779049077, 117.71261063644995, 125.79114113486976, 154.41285491355228, 123.07426994493584, 131.17339543232845, 159.77964492863745, 128.44578175169426, 136.5212736474623, 165.1426904126432, 133.79693946175274, 141.8555217888443, 170.52051682902814, 139.15811517885186, 147.1976872587328, 175.87929290751586, 144.51311137235837, 152.57218976876985, 181.19727491909617, 149.8660346171718, 157.8757281350531, 186.54030223744488, 155.23043036532027, 163.2476798462666, 191.89290044623715, 160.56445530541083, 168.61290623389846, 197.24579533540532, 165.89613332809037]]",50
2,2,"[0, 1, 2, 3, 4, 5, 6, 7, 8, 9, 10, 11, 12, 13, 14, 15, 16, 17, 18, 19, 20, 21, 22, 23, 24, 25, 26, 27, 28, 29, 30, 31, 32, 33, 34, 35, 36, 37, 38, 39, 40, 41, 42, 43, 44, 45, 46, 47, 48, 49, 50, 51, 52, 53, 54, 55, 56, 57, 58, 59, 60, 61, 62, 63, 64, 65, 66, 67, 68, 69, 70, 71, 72, 73, 74, 75, 76, 77, 78, 79, 80, 81, 82, 83, 84, 85, 86, 87, 88, 89, 90, 91, 92, 93, 94, 95, 96, 97, 98, 99]","[0, 1, 2, 0, 1, 2, 0, 1, 2, 0, 1, 2, 0, 1, 2, 0, 1, 2, 0, 1, 2, 0, 1, 2, 0, 1, 2, 0, 1, 2, 0, 1, 2, 0, 1, 2, 0, 1, 2, 0, 1, 2, 0, 1, 2, 0, 1, 2, 0, 1, 2, 0, 1, 2, 0, 1, 2, 0, 1, 2, 0, 1, 2, 0, 1, 2, 0, 1, 2, 0, 1, 2, 0, 1, 2, 0, 1, 2, 0, 1, 2, 0, 1, 2, 0, 1, 2, 0, 1, 2, 0, 1, 2, 0, 1, 2, 0, 1, 2, 0]","[-1, -1, -1, 0, 1, 2, 3, 4, 5, 6, 7, 8, 9, 10, 11, 12, 13, 14, 15, 16, 17, 18, 19, 20, 21, 22, 23, 24, 25, 26, 27, 28, 29, 30, 31, 32, 33, 34, 35, 36, 37, 38, 39, 40, 41, 42, 43, 44, 45, 46, 47, 48, 49, 50, 51, 52, 53, 54, 55, 56, 57, 58, 59, 60, 61, 62, 63, 64, 65, 66, 67, 68, 69, 70, 71, 72, 73, 74, 75, 76, 77, 78, 79, 80, 81, 82, 83, 84, 85, 86, 87, 88, 89, 90, 91, 92, 93, 94, 95, 96]","[-1, 0, 1, 2, 3, 4, 5, 6, 7, 8, 9, 10, 11, 12, 13, 14, 15, 16, 17, 18, 19, 20, 21, 22, 23, 24, 25, 26, 27, 28, 29, 30, 31, 32, 33, 34, 35, 36, 37, 38, 39, 40, 41, 42, 43, 44, 45, 46, 47, 48, 49, 50, 51, 52, 53, 54, 55, 56, 57, 58, 59, 60, 61, 62, 63, 64, 65, 66, 67, 68, 69, 70, 71, 72, 73, 74, 75, 76, 77, 78, 79, 80, 81, 82, 83, 84, 85, 86, 87, 88, 89, 90, 91, 92, 93, 94, 95, 96, 97, 98]","[[0.003298463210263496, 5.0104181553305756, 10.027026826967296, -0.02264160453218794, 10.000717542976872, 20.02272845879583, 1.982511815291363, 14.411620877270009, 28.86958542500747, 5.310827856137307, 18.625923882598947, 36.8216715797101, 9.59927703809561, 22.802697192087926, 44.008416224385805, 14.41375305963041, 27.141090641261123, 50.654268391816146, 19.614270366323836, 31.67294419142096, 56.81968120993439, 25.019034120555236, 36.327047718539156, 62.70861180269788, 30.5204467328471, 41.15723840769521, 68.42949459650683, 36.05271876391159, 46.14665030676268, 74.0107577989364, 41.5909692808807, 51.25339587378654, 79.46958555070627, 47.11305224279313, 56.458454738233684, 84.84959261719328, 52.628712647481954, 61.736941329591595, 90.18783767360875, 58.10204002419464, 67.02098465906931, 95.56019303267, 63.575940804293666, 72.38909130881213, 100.91074153965351, 69.01841036585022, 77.77534158630027, 106.26101458945259, 74.44862710607698, 83.19318586520045, 111.63860617033427, 79.85042410163518, 88.57708122376474, 116.97548270234593, 85.26770957534318, 93.99898292382176, 122.33148335058144, 90.68719680766011, 99.4000104545801, 127.71627285809168, 96.1055522688403, 104.80437094211612, 133.09541187221163, 101.50570450218943, 110.20623922240168, 138.44158862050162, 106.90519760745313, 115.62852901580705, 143.82460442092648, 112.30747372954136, 121.02319766384313, 149.19007879882457, 117.68490348535104, 126.40045779172453, 154.60743165130722, 123.04551649381268, 131.7970188224809, 160.00137302434285, 128.41683568419757, 137.17236112328152, 165.39305671806892, 133.79528296462897, 142.55879392180702, 170.77930224507, 139.17442375783253, 147.90108293465264, 176.14925117388458, 144.4843186160683, 153.28101249924708, 181.52327191335021, 149.8433398145854, 158.65878953163005, 186.905634131412, 155.17769675610577, 164.05574766187985, 192.2575354248481, 160.52717341735737, 169.42145785452985, 197.62299672561474, 165.86099276863393]]",50
3,3,"[0, 1, 2, 3, 4, 5, 6, 7, 8, 9, 10, 11, 12, 13, 14, 15, 16, 17, 18, 19, 20, 21, 22, 23, 24, 25, 26, 27, 28, 29, 30, 31, 32, 33, 34, 35, 36, 37, 38, 39, 40, 41, 42, 43, 44, 45, 46, 47, 48, 49, 50, 51, 52, 53, 54, 55, 56, 57, 58, 59, 60, 61, 62, 63, 64, 65, 66, 67, 68, 69, 70, 71, 72, 73, 74, 75, 76, 77, 78, 79, 80, 81, 82, 83, 84, 85, 86, 87, 88, 89, 90, 91, 92, 93, 94, 95, 96, 97, 98, 99]","[0, 1, 2, 0, 1, 2, 0, 1, 2, 0, 1, 2, 0, 1, 2, 0, 1, 2, 0, 1, 2, 0, 1, 2, 0, 1, 2, 0, 1, 2, 0, 1, 2, 0, 1, 2, 0, 1, 2, 0, 1, 2, 0, 1, 2, 0, 1, 2, 0, 1, 2, 0, 1, 2, 0, 1, 2, 0, 1, 2, 0, 1, 2, 0, 1, 2, 0, 1, 2, 0, 1, 2, 0, 1, 2, 0, 1, 2, 0, 1, 2, 0, 1, 2, 0, 1, 2, 0, 1, 2, 0, 1, 2, 0, 1, 2, 0, 1, 2, 0]","[-1, -1, -1, 0, 1, 2, 3, 4, 5, 6, 7, 8, 9, 10, 11, 12, 13, 14, 15, 16, 17, 18, 19, 20, 21, 22, 23, 24, 25, 26, 27, 28, 29, 30, 31, 32, 33, 34, 35, 36, 37, 38, 39, 40, 41, 42, 43, 44, 45, 46, 47, 48, 49, 50, 51, 52, 53, 54, 55, 56, 57, 58, 59, 60, 61, 62, 63, 64, 65, 66, 67, 68, 69, 70, 71, 72, 73, 74, 75, 76, 77, 78, 79, 80, 81, 82, 83, 84, 85, 86, 87, 88, 89, 90, 91, 92, 93, 94, 95, 96]","[-1, 0, 1, 2, 3, 4, 5, 6, 7, 8, 9, 10, 11, 12, 13, 14, 15, 16, 17, 18, 19, 20, 21, 22, 23, 24, 25, 26, 27, 28, 29, 30, 31, 32, 33, 34, 35, 36, 37, 38, 39, 40, 41, 42, 43, 44, 45, 46, 47, 48, 49, 50, 51, 52, 53, 54, 55, 56, 57, 58, 59, 60, 61, 62, 63, 64, 65, 66, 67, 68, 69, 70, 71, 72, 73, 74, 75, 76, 77, 78, 79, 80, 81, 82, 83, 84, 85, 86, 87, 88, 89, 90, 91, 92, 93, 94, 95, 96, 97, 98]","[[0.009513296542272964, 5.00391293016174, 9.998886441831095, -0.0026265805548675407, 9.991607541440601, 20.003011155047332, 1.9943300663276127, 14.371135396024107, 28.916836000037446, 5.401488654583503, 18.54410628586704, 36.876875352869874, 9.72902536632605, 22.76944962112127, 44.06424340077044, 14.61644815820923, 27.101150149640787, 50.64969929553141, 19.89111096683568, 31.647907882613286, 56.81722664589063, 25.311751957760546, 36.354738554719354, 62.68811271627492, 30.84011070780069, 41.264727039164946, 68.39331520417494, 36.40505517802144, 46.24158988579353, 73.9353631931585, 41.937127882098245, 51.36312896049215, 79.40365616905333, 47.48182766560761, 56.57740957970121, 84.82305047174037, 52.969096821084726, 61.801895107734154, 90.22018496781133, 58.45555258523106, 67.05976400844736, 95.57605537601725, 63.94002563149098, 72.38452285969547, 100.90826611584201, 69.37596950928206, 77.7343141033798, 106.20623002890301, 74.8249928698674, 83.10510395170814, 111.55749290330122, 80.21598241004284, 88.48272045170226, 116.94923876442232, 85.6232510717964, 93.8886526712046, 122.3126063971887, 91.02206170620225, 99.26106900674394, 127.66845582362508, 96.42672843082067, 104.63749532717289, 133.04277954855763, 101.82932024852295, 110.00641855284556, 138.3830836015475, 107.20204678993363, 115.38466599631674, 143.75846401544393, 112.58978011459808, 120.76113452762597, 149.12973570438916, 117.97895602954965, 126.11014173701352, 154.53315966148946, 123.37423957967282, 131.485616295746, 159.93077995036973, 128.7267730850664, 136.83715158927777, 165.28261343155438, 134.10333133937206, 142.19910253149854, 170.63622458049878, 139.4818636309705, 147.61398040861675, 176.01117751534628, 144.85181002860404, 152.93117084051616, 181.39388239922857, 150.2136893468635, 158.29683355389767, 186.78039767059437, 155.571938485371, 163.67665591453004, 192.14800101226737, 160.9281821501939, 169.00293002794692, 197.5240247683611, 166.30232190899318]]",50
4,4,"[0, 1, 2, 3, 4, 5, 6, 7, 8, 9, 10, 11, 12, 13, 14, 15, 16, 17, 18, 19, 20, 21, 22, 23, 24, 25, 26, 27, 28, 29, 30, 31, 32, 33, 34, 35, 36, 37, 38, 39, 40, 41, 42, 43, 44, 45, 46, 47, 48, 49, 50, 51, 52, 53, 54, 55, 56, 57, 58, 59, 60, 61, 62, 63, 64, 65, 66, 67, 68, 69, 70, 71, 72, 73, 74, 75, 76, 77, 78, 79, 80, 81, 82, 83, 84, 85, 86, 87, 88, 89, 90, 91, 92, 93, 94, 95, 96, 97, 98, 99]","[0, 1, 2, 0, 1, 2, 0, 1, 2, 0, 1, 2, 0, 1, 2, 0, 1, 2, 0, 1, 2, 0, 1, 2, 0, 1, 2, 0, 1, 2, 0, 1, 2, 0, 1, 2, 0, 1, 2, 0, 1, 2, 0, 1, 2, 0, 1, 2, 0, 1, 2, 0, 1, 2, 0, 1, 2, 0, 1, 2, 0, 1, 2, 0, 1, 2, 0, 1, 2, 0, 1, 2, 0, 1, 2, 0, 1, 2, 0, 1, 2, 0, 1, 2, 0, 1, 2, 0, 1, 2, 0, 1, 2, 0, 1, 2, 0, 1, 2, 0]","[-1, -1, -1, 0, 1, 2, 3, 4, 5, 6, 7, 8, 9, 10, 11, 12, 13, 14, 15, 16, 17, 18, 19, 20, 21, 22, 23, 24, 25, 26, 27, 28, 29, 30, 31, 32, 33, 34, 35, 36, 37, 38, 39, 40, 41, 42, 43, 44, 45, 46, 47, 48, 49, 50, 51, 52, 53, 54, 55, 56, 57, 58, 59, 60, 61, 62, 63, 64, 65, 66, 67, 68, 69, 70, 71, 72, 73, 74, 75, 76, 77, 78, 79, 80, 81, 82, 83, 84, 85, 86, 87, 88, 89, 90, 91, 92, 93, 94, 95, 96]","[-1, 0, 1, 2, 3, 4, 5, 6, 7, 8, 9, 10, 11, 12, 13, 14, 15, 16, 17, 18, 19, 20, 21, 22, 23, 24, 25, 26, 27, 28, 29, 30, 31, 32, 33, 34, 35, 36, 37, 38, 39, 40, 41, 42, 43, 44, 45, 46, 47, 48, 49, 50, 51, 52, 53, 54, 55, 56, 57, 58, 59, 60, 61, 62, 63, 64, 65, 66, 67, 68, 69, 70, 71, 72, 73, 74, 75, 76, 77, 78, 79, 80, 81, 82, 83, 84, 85, 86, 87, 88, 89, 90, 91, 92, 93, 94, 95, 96, 97, 98]","[[-0.002304245856372551, 5.004384857844899, 9.998461724220272, 0.04014157307404771, 10.01656124037296, 20.013504739469195, 2.0147260780118756, 14.431709260831775, 28.93518211782863, 5.390902724169904, 18.62099932877643, 36.92056390885912, 9.69399699390892, 22.851784329505822, 44.133294077004024, 14.563950525748117, 27.229502761503976, 50.79602960792455, 19.79643193965373, 31.787154139390037, 57.02663943706162, 25.23957268101408, 36.52393199515141, 62.95755682517468, 30.783345935544617, 41.35981434890247, 68.67271677283759, 36.323292305615254, 46.414285851585646, 74.25909942396997, 41.86878389330474, 51.555057885560736, 79.78505962974327, 47.44648078179275, 56.79223819127454, 85.2144258728611, 53.00306243452873, 62.0770448511274, 90.66971622251666, 58.530274168784366, 67.41377858955323, 96.05039039300307, 64.01434638066704, 72.82361038992852, 101.45753474622798, 69.49954980961522, 78.18830567085251, 106.80457942759676, 74.95884288789568, 83.60834254132044, 112.22432491399456, 80.42447315774864, 89.03392590998907, 117.63557521382526, 85.84681142774157, 94.45655356452355, 123.0681489711867, 91.28717549295523, 99.871935726137, 128.46199163094636, 96.69869312387718, 105.28011259616285, 133.87608747459404, 102.12718037974169, 110.7234121583117, 139.29548783669904, 107.51642588754588, 116.11661075310535, 144.66919183607408, 112.93183138263201, 121.49229943375096, 150.0603107625743, 118.3695119627478, 126.888338960454, 155.44955781858243, 123.78540248753329, 132.2950544676056, 160.81916317232796, 129.1982997429882, 137.66804665588032, 166.19748254572926, 134.63047640146146, 143.05505289566727, 171.57607626912758, 140.0191004249066, 148.4085748023449, 176.97277499501635, 145.37853622783265, 153.80711931972309, 182.3710461030476, 150.7598722269381, 159.21516346835227, 187.76815182424545, 156.14776389866205, 164.66335848063918, 193.1764309201795, 161.53829946842745, 170.0389185257237, 198.5905193137139, 166.92122432092776]]",50
5,5,"[0, 1, 2, 3, 4, 5, 6, 7, 8, 9, 10, 11, 12, 13, 14, 15, 16, 17, 18, 19, 20, 21, 22, 23, 24, 25, 26, 27, 28, 29, 30, 31, 32, 33, 34, 35, 36, 37, 38, 39, 40, 41, 42, 43, 44, 45, 46, 47, 48, 49, 50, 51, 52, 53, 54, 55, 56, 57, 58, 59, 60, 61, 62, 63, 64, 65, 66, 67, 68, 69, 70, 71, 72, 73, 74, 75, 76, 77, 78, 79, 80, 81, 82, 83, 84, 85, 86, 87, 88, 89, 90, 91, 92, 93, 94, 95, 96, 97, 98, 99]","[0, 1, 2, 0, 1, 2, 0, 1, 2, 0, 1, 2, 0, 1, 2, 0, 1, 2, 0, 1, 2, 0, 1, 2, 0, 1, 2, 0, 1, 2, 0, 1, 2, 0, 1, 2, 0, 1, 2, 0, 1, 2, 0, 1, 2, 0, 1, 2, 0, 1, 2, 0, 1, 2, 0, 1, 2, 0, 1, 2, 0, 1, 2, 0, 1, 2, 0, 1, 2, 0, 1, 2, 0, 1, 2, 0, 1, 2, 0, 1, 2, 0, 1, 2, 0, 1, 2, 0, 1, 2, 0, 1, 2, 0, 1, 2, 0, 1, 2, 0]","[-1, -1, -1, 0, 1, 2, 3, 4, 5, 6, 7, 8, 9, 10, 11, 12, 13, 14, 15, 16, 17, 18, 19, 20, 21, 22, 23, 24, 25, 26, 27, 28, 29, 30, 31, 32, 33, 34, 35, 36, 37, 38, 39, 40, 41, 42, 43, 44, 45, 46, 47, 48, 49, 50, 51, 52, 53, 54, 55, 56, 57, 58, 59, 60, 61, 62, 63, 64, 65, 66, 67, 68, 69, 70, 71, 72, 73, 74, 75, 76, 77, 78, 79, 80, 81, 82, 83, 84, 85, 86, 87, 88, 89, 90, 91, 92, 93, 94, 95, 96]","[-1, 0, 1, 2, 3, 4, 5, 6, 7, 8, 9, 10, 11, 12, 13, 14, 15, 16, 17, 18, 19, 20, 21, 22, 23, 24, 25, 26, 27, 28, 29, 30, 31, 32, 33, 34, 35, 36, 37, 38, 39, 40, 41, 42, 43, 44, 45, 46, 47, 48, 49, 50, 51, 52, 53, 54, 55, 56, 57, 58, 59, 60, 61, 62, 63, 64, 65, 66, 67, 68, 69, 70, 71, 72, 73, 74, 75, 76, 77, 78, 79, 80, 81, 82, 83, 84, 85, 86, 87, 88, 89, 90, 91, 92, 93, 94, 95, 96, 97, 98]","[[-0.020757417619767553, 4.9841680218631765, 9.996374605148052, -0.033440625449333045, 9.993175420406876, 19.98298010208249, 1.9630320213727963, 14.391181331811632, 28.87160138444836, 5.341166597587055, 18.553336524862576, 36.805729611405006, 9.668157692768366, 22.75039918675392, 43.978336568444384, 14.521787561812557, 27.10158912117664, 50.56495884266466, 19.747190021000378, 31.66123645496025, 56.74080049594625, 25.177493828317115, 36.3753767044064, 62.65222661700818, 30.69874835371758, 41.263140772291095, 68.38882167486616, 36.286760751428965, 46.28248445737509, 73.94224505076724, 41.88243417241439, 51.4270225495585, 79.37708810782678, 47.462713543992145, 56.66665321310772, 84.81152754713254, 52.98795451952226, 61.96072449403396, 90.19329679542022, 58.4902171181124, 67.30951463801442, 95.52963474453067, 63.98850497338388, 72.65700069683984, 100.90245230812015, 69.4469275169026, 78.0237316829408, 106.27631718235484, 74.86110644496792, 83.43576388911548, 111.65514749038725, 80.2761114500823, 88.82777079729709, 117.05777425458957, 85.67867020527589, 94.26442694104968, 122.45648459373643, 91.0854349222847, 99.69994588561802, 127.85673310420138, 96.51203423863998, 105.14525169861466, 133.27740108526905, 101.89983519602168, 110.58666532703188, 138.6777515880258, 107.35002472544717, 116.01691880847248, 144.11709302904197, 112.78583769336062, 121.45996537749481, 149.52592778540014, 118.2493239002492, 126.92978333930334, 154.93464907781905, 123.69121898079936, 132.34398611750242, 160.3918875030986, 129.13704579278433, 137.7966949951486, 165.8478270058553, 134.5915347734241, 143.24637786814594, 171.3079816996403, 140.0659060589321, 148.6704157623693, 176.74808968942617, 145.51742604348743, 154.1588508598445, 182.18469251267643, 150.92997463426678, 159.60209641615532, 187.59007146149034, 156.35741483954024, 165.0189662166915, 193.0326160553623, 161.76990880145013, 170.48366088789703, 198.45866691583208, 167.20141828851945]]",50
6,6,"[0, 1, 2, 3, 4, 5, 6, 7, 8, 9, 10, 11, 12, 13, 14, 15, 16, 17, 18, 19, 20, 21, 22, 23, 24, 25, 26, 27, 28, 29, 30, 31, 32, 33, 34, 35, 36, 37, 38, 39, 40, 41, 42, 43, 44, 45, 46, 47, 48, 49, 50, 51, 52, 53, 54, 55, 56, 57, 58, 59, 60, 61, 62, 63, 64, 65, 66, 67, 68, 69, 70, 71, 72, 73, 74, 75, 76, 77, 78, 79, 80, 81, 82, 83, 84, 85, 86, 87, 88, 89, 90, 91, 92, 93, 94, 95, 96, 97, 98, 99]","[0, 1, 2, 0, 1, 2, 0, 1, 2, 0, 1, 2, 0, 1, 2, 0, 1, 2, 0, 1, 2, 0, 1, 2, 0, 1, 2, 0, 1, 2, 0, 1, 2, 0, 1, 2, 0, 1, 2, 0, 1, 2, 0, 1, 2, 0, 1, 2, 0, 1, 2, 0, 1, 2, 0, 1, 2, 0, 1, 2, 0, 1, 2, 0, 1, 2, 0, 1, 2, 0, 1, 2, 0, 1, 2, 0, 1, 2, 0, 1, 2, 0, 1, 2, 0, 1, 2, 0, 1, 2, 0, 1, 2, 0, 1, 2, 0, 1, 2, 0]","[-1, -1, -1, 0, 1, 2, 3, 4, 5, 6, 7, 8, 9, 10, 11, 12, 13, 14, 15, 16, 17, 18, 19, 20, 21, 22, 23, 24, 25, 26, 27, 28, 29, 30, 31, 32, 33, 34, 35, 36, 37, 38, 39, 40, 41, 42, 43, 44, 45, 46, 47, 48, 49, 50, 51, 52, 53, 54, 55, 56, 57, 58, 59, 60, 61, 62, 63, 64, 65, 66, 67, 68, 69, 70, 71, 72, 73, 74, 75, 76, 77, 78, 79, 80, 81, 82, 83, 84, 85, 86, 87, 88, 89, 90, 91, 92, 93, 94, 95, 96]","[-1, 0, 1, 2, 3, 4, 5, 6, 7, 8, 9, 10, 11, 12, 13, 14, 15, 16, 17, 18, 19, 20, 21, 22, 23, 24, 25, 26, 27, 28, 29, 30, 31, 32, 33, 34, 35, 36, 37, 38, 39, 40, 41, 42, 43, 44, 45, 46, 47, 48, 49, 50, 51, 52, 53, 54, 55, 56, 57, 58, 59, 60, 61, 62, 63, 64, 65, 66, 67, 68, 69, 70, 71, 72, 73, 74, 75, 76, 77, 78, 79, 80, 81, 82, 83, 84, 85, 86, 87, 88, 89, 90, 91, 92, 93, 94, 95, 96, 97, 98]","[[0.00843380964482904, 4.999380369251502, 10.003023997843787, 0.03833649276190669, 9.989849553062419, 20.019263251834474, 2.030002231047714, 14.339064479837715, 28.902468945679455, 5.437883277234015, 18.5419579809508, 36.84539659013564, 9.713913859041462, 22.75827210512174, 44.03755274533997, 14.591575384238718, 27.067912472561353, 50.660683769431664, 19.840799524538376, 31.582574481875152, 56.84694306177378, 25.281747226183473, 36.22407224935865, 62.75191242349821, 30.822933059029385, 41.0633503783297, 68.45086102655037, 36.40167462291448, 46.021762714336234, 73.99017854591938, 41.93740137712963, 51.121836825494, 79.42195877575512, 47.48807427284939, 56.32575279467474, 84.81772976955256, 52.98927238491657, 61.58141191087867, 90.1522932805871, 58.50465951160247, 66.88465123912307, 95.50538041309755, 63.96862461692405, 72.19467368209952, 100.84616349154186, 69.43439688516774, 77.5424761939139, 106.15324691656286, 74.85772387854499, 82.91923593561766, 111.55667283625357, 80.27273919130299, 88.30635459104649, 116.94701057586049, 85.67931351388344, 93.67815453293191, 122.26845050966915, 91.10235007428686, 99.12339490335731, 127.62914258257778, 96.53620945140405, 104.54341143135365, 133.0222419339049, 101.9092013622555, 109.94737559183983, 138.41317797712594, 107.30252238131716, 115.3398322013443, 143.77241861502733, 112.70311940815839, 120.75021930928828, 149.2264772425792, 118.11873970485766, 126.13074531464804, 154.5765216330421, 123.4881196692426, 131.5404763922751, 159.99087300283506, 128.88849774444273, 136.92311319391086, 165.39712102228097, 134.30256003463066, 142.34494486847848, 170.77610777821155, 139.72318627454754, 147.71873974085082, 176.2002265743301, 145.1319968931398, 153.1352408979812, 181.63603209725343, 150.56071431510875, 158.57269775368002, 187.0637838587183, 155.97084162355995, 163.9770816090276, 192.5056780103028, 161.3758916931663, 169.4050120056217, 197.93092170748145, 166.7987081711712]]",50
7,7,"[0, 1, 2, 3, 4, 5, 6, 7, 8, 9, 10, 11, 12, 13, 14, 15, 16, 17, 18, 19, 20, 21, 22, 23, 24, 25, 26, 27, 28, 29, 30, 31, 32, 33, 34, 35, 36, 37, 38, 39, 40, 41, 42, 43, 44, 45, 46, 47, 48, 49, 50, 51, 52, 53, 54, 55, 56, 57, 58, 59, 60, 61, 62, 63, 64, 65, 66, 67, 68, 69, 70, 71, 72, 73, 74, 75, 76, 77, 78, 79, 80, 81, 82, 83, 84, 85, 86, 87, 88, 89, 90, 91, 92, 93, 94, 95, 96, 97, 98, 99]","[0, 1, 2, 0, 1, 2, 0, 1, 2, 0, 1, 2, 0, 1, 2, 0, 1, 2, 0, 1, 2, 0, 1, 2, 0, 1, 2, 0, 1, 2, 0, 1, 2, 0, 1, 2, 0, 1, 2, 0, 1, 2, 0, 1, 2, 0, 1, 2, 0, 1, 2, 0, 1, 2, 0, 1, 2, 0, 1, 2, 0, 1, 2, 0, 1, 2, 0, 1, 2, 0, 1, 2, 0, 1, 2, 0, 1, 2, 0, 1, 2, 0, 1, 2, 0, 1, 2, 0, 1, 2, 0, 1, 2, 0, 1, 2, 0, 1, 2, 0]","[-1, -1, -1, 0, 1, 2, 3, 4, 5, 6, 7, 8, 9, 10, 11, 12, 13, 14, 15, 16, 17, 18, 19, 20, 21, 22, 23, 24, 25, 26, 27, 28, 29, 30, 31, 32, 33, 34, 35, 36, 37, 38, 39, 40, 41, 42, 43, 44, 45, 46, 47, 48, 49, 50, 51, 52, 53, 54, 55, 56, 57, 58, 59, 60, 61, 62, 63, 64, 65, 66, 67, 68, 69, 70, 71, 72, 73, 74, 75, 76, 77, 78, 79, 80, 81, 82, 83, 84, 85, 86, 87, 88, 89, 90, 91, 92, 93, 94, 95, 96]","[-1, 0, 1, 2, 3, 4, 5, 6, 7, 8, 9, 10, 11, 12, 13, 14, 15, 16, 17, 18, 19, 20, 21, 22, 23, 24, 25, 26, 27, 28, 29, 30, 31, 32, 33, 34, 35, 36, 37, 38, 39, 40, 41, 42, 43, 44, 45, 46, 47, 48, 49, 50, 51, 52, 53, 54, 55, 56, 57, 58, 59, 60, 61, 62, 63, 64, 65, 66, 67, 68, 69, 70, 71, 72, 73, 74, 75, 76, 77, 78, 79, 80, 81, 82, 83, 84, 85, 86, 87, 88, 89, 90, 91, 92, 93, 94, 95, 96, 97, 98]","[[-0.031495443508527246, 5.008635362246014, 9.994198400973335, -0.025199638427129415, 10.019900395244859, 20.010810071954907, 1.9593280355014964, 14.434692589864135, 28.902461041783894, 5.295978798276527, 18.619204051386564, 36.851076772476496, 9.598727807321774, 22.850038908532124, 44.02102356849249, 14.488853630613532, 27.20499457868131, 50.62895841892661, 19.710646929443566, 31.720668561021927, 56.821691331110465, 25.14494639477532, 36.413654229055794, 62.73205702868132, 30.693301164862525, 41.29735428173007, 68.42418870376808, 36.27369678543146, 46.30582298028316, 73.98530999013039, 41.8210435472842, 51.43665366099863, 79.49525545343168, 47.410957163527904, 56.619963324021285, 84.94700655025443, 52.92191325652921, 61.91906359576616, 90.34702642292058, 58.446917168245434, 67.25055730984516, 95.76246687073491, 63.96706858914643, 72.6044906619255, 101.14899794306136, 69.42956290399931, 77.97515353872866, 106.55613755447438, 74.85534597151691, 83.41194437100017, 111.9520757105886, 80.25761471672394, 88.82615013562149, 117.3252520601992, 85.69387380359703, 94.27613147075381, 122.74157940284753, 91.07017537156035, 99.7128381712651, 128.1689415901961, 96.47348510983626, 105.1832370018397, 133.5604267952808, 101.8615901630654, 110.58059971405018, 138.98935929425824, 107.3349442965682, 116.03218304786402, 144.37187004104615, 112.75993633060109, 121.45102700846975, 149.7681648866181, 118.18183242810511, 126.85644422229315, 155.14989811885408, 123.58640003149243, 132.30954380786324, 160.56002876980523, 129.0176540380036, 137.74044595361306, 165.98682918169584, 134.46502356922412, 143.17257420848503, 171.3970423202228, 139.8683886290597, 148.5761414311007, 176.81893545192872, 145.26890430487813, 153.99758219974285, 182.22084934832844, 150.70121465112447, 159.39989996969445, 187.67201874034254, 156.16027675252911, 164.8271432717167, 193.07544507354413, 161.55573503992184, 170.25992589810986, 198.52516948953337, 167.00399138136987]]",50
8,8,"[0, 1, 2, 3, 4, 5, 6, 7, 8, 9, 10, 11, 12, 13, 14, 15, 16, 17, 18, 19, 20, 21, 22, 23, 24, 25, 26, 27, 28, 29, 30, 31, 32, 33, 34, 35, 36, 37, 38, 39, 40, 41, 42, 43, 44, 45, 46, 47, 48, 49, 50, 51, 52, 53, 54, 55, 56, 57, 58, 59, 60, 61, 62, 63, 64, 65, 66, 67, 68, 69, 70, 71, 72, 73, 74, 75, 76, 77, 78, 79, 80, 81, 82, 83, 84, 85, 86, 87, 88, 89, 90, 91, 92, 93, 94, 95, 96, 97, 98, 99]","[0, 1, 2, 0, 1, 2, 0, 1, 2, 0, 1, 2, 0, 1, 2, 0, 1, 2, 0, 1, 2, 0, 1, 2, 0, 1, 2, 0, 1, 2, 0, 1, 2, 0, 1, 2, 0, 1, 2, 0, 1, 2, 0, 1, 2, 0, 1, 2, 0, 1, 2, 0, 1, 2, 0, 1, 2, 0, 1, 2, 0, 1, 2, 0, 1, 2, 0, 1, 2, 0, 1, 2, 0, 1, 2, 0, 1, 2, 0, 1, 2, 0, 1, 2, 0, 1, 2, 0, 1, 2, 0, 1, 2, 0, 1, 2, 0, 1, 2, 0]","[-1, -1, -1, 0, 1, 2, 3, 4, 5, 6, 7, 8, 9, 10, 11, 12, 13, 14, 15, 16, 17, 18, 19, 20, 21, 22, 23, 24, 25, 26, 27, 28, 29, 30, 31, 32, 33, 34, 35, 36, 37, 38, 39, 40, 41, 42, 43, 44, 45, 46, 47, 48, 49, 50, 51, 52, 53, 54, 55, 56, 57, 58, 59, 60, 61, 62, 63, 64, 65, 66, 67, 68, 69, 70, 71, 72, 73, 74, 75, 76, 77, 78, 79, 80, 81, 82, 83, 84, 85, 86, 87, 88, 89, 90, 91, 92, 93, 94, 95, 96]","[-1, 0, 1, 2, 3, 4, 5, 6, 7, 8, 9, 10, 11, 12, 13, 14, 15, 16, 17, 18, 19, 20, 21, 22, 23, 24, 25, 26, 27, 28, 29, 30, 31, 32, 33, 34, 35, 36, 37, 38, 39, 40, 41, 42, 43, 44, 45, 46, 47, 48, 49, 50, 51, 52, 53, 54, 55, 56, 57, 58, 59, 60, 61, 62, 63, 64, 65, 66, 67, 68, 69, 70, 71, 72, 73, 74, 75, 76, 77, 78, 79, 80, 81, 82, 83, 84, 85, 86, 87, 88, 89, 90, 91, 92, 93, 94, 95, 96, 97, 98]","[[-0.008569598018025044, 4.986976372511055, 9.973647091287758, 0.0035627102179191443, 9.978614340394337, 19.995250740990244, 2.0102633238806447, 14.43051189350719, 28.894674005364397, 5.381757161947445, 18.60159575948053, 36.80938960388838, 9.611524434267599, 22.805653801595973, 44.00025092692634, 14.485805615549902, 27.155646749794407, 50.65934797772673, 19.7088369906652, 31.701286708558992, 56.818532629538666, 25.121878264618125, 36.38610144318908, 62.74191193509943, 30.66523355746916, 41.25854501630876, 68.44117137805033, 36.202001126115505, 46.285479153341015, 74.00967750430989, 41.81316304074522, 51.382914374642006, 79.48280647764713, 47.32057890790853, 56.56978149822399, 84.9089155509124, 52.8734064287619, 61.86714728345577, 90.31635630894861, 58.35989922643566, 67.14219467368208, 95.68035492983387, 63.83886444713856, 72.47778043301822, 101.04555237656454, 69.28341885120649, 77.83828671251021, 106.40514291079049, 74.71592195102312, 83.17609470678238, 111.7629412234737, 80.12843910162938, 88.56489247846405, 117.11838193917905, 85.57181564639669, 93.92543803043355, 122.55015687200661, 91.0128482544755, 99.28681276373008, 127.9090655680111, 96.42730918807482, 104.6897964585095, 133.3037806320566, 101.82480788861955, 110.10022954695397, 138.67759743681958, 107.2060883356029, 115.50058148881376, 144.09633308153957, 112.59861479810395, 120.91228877381288, 149.4590506011668, 118.01683252061189, 126.34297563138044, 154.81313209077172, 123.39174055684984, 131.7389024495186, 160.23352602095747, 128.806449417302, 137.1494200754572, 165.63377471549848, 134.19360133586198, 142.516317926476, 171.0375948774243, 139.57582648131222, 147.89251697871416, 176.46136564690653, 144.98074749221323, 153.27611010088242, 181.83479223988613, 150.37370992127236, 158.6763459727554, 187.24250591877092, 155.74460250790318, 164.05690289788063, 192.6269919027712, 161.16238915634213, 169.47356131808635, 198.00891343535727, 166.49329026848685]]",50
9,9,"[0, 1, 2, 3, 4, 5, 6, 7, 8, 9, 10, 11, 12, 13, 14, 15, 16, 17, 18, 19, 20, 21, 22, 23, 24, 25, 26, 27, 28, 29, 30, 31, 32, 33, 34, 35, 36, 37, 38, 39, 40, 41, 42, 43, 44, 45, 46, 47, 48, 49, 50, 51, 52, 53, 54, 55, 56, 57, 58, 59, 60, 61, 62, 63, 64, 65, 66, 67, 68, 69, 70, 71, 72, 73, 74, 75, 76, 77, 78, 79, 80, 81, 82, 83, 84, 85, 86, 87, 88, 89, 90, 91, 92, 93, 94, 95, 96, 97, 98, 99]","[0, 1, 2, 0, 1, 2, 0, 1, 2, 0, 1, 2, 0, 1, 2, 0, 1, 2, 0, 1, 2, 0, 1, 2, 0, 1, 2, 0, 1, 2, 0, 1, 2, 0, 1, 2, 0, 1, 2, 0, 1, 2, 0, 1, 2, 0, 1, 2, 0, 1, 2, 0, 1, 2, 0, 1, 2, 0, 1, 2, 0, 1, 2, 0, 1, 2, 0, 1, 2, 0, 1, 2, 0, 1, 2, 0, 1, 2, 0, 1, 2, 0, 1, 2, 0, 1, 2, 0, 1, 2, 0, 1, 2, 0, 1, 2, 0, 1, 2, 0]","[-1, -1, -1, 0, 1, 2, 3, 4, 5, 6, 7, 8, 9, 10, 11, 12, 13, 14, 15, 16, 17, 18, 19, 20, 21, 22, 23, 24, 25, 26, 27, 28, 29, 30, 31, 32, 33, 34, 35, 36, 37, 38, 39, 40, 41, 42, 43, 44, 45, 46, 47, 48, 49, 50, 51, 52, 53, 54, 55, 56, 57, 58, 59, 60, 61, 62, 63, 64, 65, 66, 67, 68, 69, 70, 71, 72, 73, 74, 75, 76, 77, 78, 79, 80, 81, 82, 83, 84, 85, 86, 87, 88, 89, 90, 91, 92, 93, 94, 95, 96]","[-1, 0, 1, 2, 3, 4, 5, 6, 7, 8, 9, 10, 11, 12, 13, 14, 15, 16, 17, 18, 19, 20, 21, 22, 23, 24, 25, 26, 27, 28, 29, 30, 31, 32, 33, 34, 35, 36, 37, 38, 39, 40, 41, 42, 43, 44, 45, 46, 47, 48, 49, 50, 51, 52, 53, 54, 55, 56, 57, 58, 59, 60, 61, 62, 63, 64, 65, 66, 67, 68, 69, 70, 71, 72, 73, 74, 75, 76, 77, 78, 79, 80, 81, 82, 83, 84, 85, 86, 87, 88, 89, 90, 91, 92, 93, 94, 95, 96, 97, 98]","[[0.016038882679695617, 4.990699544915217, 10.017260486493168, 0.01832684097284765, 9.968355156399475, 20.000471476400907, 2.0106854791322273, 14.362461959106987, 28.877261894899654, 5.354632865498949, 18.565204710057635, 36.81372050300377, 9.639812627298962, 22.754616065363237, 44.016114078462756, 14.513261250747293, 27.103687271797575, 50.648555296655, 19.729017689686827, 31.607278892497803, 56.856819729935715, 25.12966945897127, 36.327169314698075, 62.75571755635556, 30.63180973161266, 41.1883548370823, 68.51554862968656, 36.15016353996658, 46.2089939076986, 74.10051578959353, 41.714686604229115, 51.33179576564808, 79.58596967051987, 47.26718735237936, 56.52311008718841, 85.02753058249175, 52.81634668401442, 61.796034548514726, 90.41705850186916, 58.33922805756078, 67.12785097668517, 95.78335443715129, 63.79636977718501, 72.46909695461461, 101.142854934607, 69.26462003634803, 77.83361831379116, 106.50322109307133, 74.7332732639142, 83.19804533997956, 111.86110640215345, 80.1525009790741, 88.60308286453491, 117.22115915068461, 85.561700885216, 94.03197667980788, 122.61431059789605, 90.98630874899098, 99.44074424839269, 127.96900452579791, 96.37248567346798, 104.83936780836342, 133.33765122139616, 101.78127424545406, 110.23965991642942, 138.72625961713905, 107.18983951529458, 115.67795027334527, 144.06010335552648, 112.58994600337726, 121.05436752453174, 149.46239873397005, 118.02082180732512, 126.48326164055513, 154.88350841480352, 123.39144106834942, 131.86913006806486, 160.26458229683658, 128.79018911109532, 137.26372279893553, 165.66225958946202, 134.21674694891638, 142.67668327108186, 171.05670034967017, 139.59923926965806, 148.0957188394768, 176.46162216504368, 144.9892814390312, 153.52618421661097, 181.8643841163566, 150.39348807723448, 158.95532885745433, 187.27729960466928, 155.77883455608463, 164.35275890549693, 192.67574555799945, 161.180337642523, 169.79649092223244, 198.1141818626614, 166.5873233059589]]",50
